[
  {
    "name"              : "node-app",
    "script"            : "app.js",
    "log_date_format"   : "YYYY-MM-DD HH:mm Z",
    "merge_logs"        : false,
    "watch"             : false,
    "max_restarts"      : 10,
    "exec_interpreter"  : "node",
    "exec_mode"         : "fork_mode",
    "env":
    {
      "NODE_ENV"        : "production",
      "RPC_HOST"        : "localhost",
      "RPC_PORT"        : "8545",
      "LISTENING_PORT"  : "30300",
      "INSTANCE_NAME"   : "Validator 5",
      "CONTACT_DETAILS" : "",
      "WS_SERVER"       : "https://status.ctexscan.com",
      "WS_SECRET"       : "3Pj4!NamP",
      "VERBOSITY"       : 2
    }
  }
]
